,,,,,,,,,,,,,,,,,,
10000,"Attivita'",,"Asset",,,"Yes",,,1,"ATTIVO",,,,,,,,
10100,"Crediti vs. soci per versamenti ancora dovuti",,"Asset",,,"Yes",,10000,"1.A","Crediti verso i soci per versamenti ancora dovuti",,,,,,,,
10101,"Crediti vs. soci per versamenti ancora dovuti",,"Asset",,,"No",,10100,"1.A.I","Crediti verso i soci per versamenti ancora dovuti",,,,,,,,
10102,"Crediti vs. soci per versam. ancora dovuti gia' richiamati",,"Asset",,,"No",,10100,"1.A.II","(di cui gia' richiamati)",,,,,,,,
10200,"Immobilizzazioni",,"Asset",,,"Yes",,10000,"1.B","Immobilizzazioni",,,,,,,,
10201,"Immobilizzazioni immateriali",,"Asset",,,"Yes",,10200,"1.B.I","Immobilizzazioni immateriali",,,,,,,,
10202,"Costi di impianto e ampliamento",,"Asset",,,"No",,10201,"1.B.I.1","Costi di impianto e ampliamento",,,,,,,,
10203,"Costi di ricerca, sviluppo e pubblicita'",,"Asset",,,"No",,10201,"1.B.I.2","Costi di ricerca, di sviluppo e di pubblicita'",,,,,,,,
10204,"Brevetti industriali e opere dell'ingegno",,"Asset",,,"No",,10201,"1.B.I.3","Diritti di brevetto industriale e diritti di utilizzazione delle opere dell'ingegno",,,,,,,,
10205,"Concessioni, licenze, marchi e diritti simili",,"Asset",,,"No",,10201,"1.B.I.4","Concessioni, licenze, marchi e diritti simili",,,,,,,,
10206,"Avviamento",,"Asset",,,"No",,10201,"1.B.I.5","Avviamento",,,,,,,,
10207,"Immobilizzazioni immateriali in corso e acconti",,"Asset",,,"No",,10201,"1.B.I.6","Immobilizzazioni immateriali in corso e acconti",,,,,,,,
10208,"Altre immobilizzazioni immateriali",,"Asset",,,"No",,10201,"1.B.I.7","Altre ",,,,,,,,
10209,"Software",,"Asset",,,"No",,10201,"1.B.I.7","Altre ",,,,,,,,
10210,"Progetti","!","Asset",,"Yes","No","PJ_ASSET_ACCT",10201,"1.B.I.7","Altre",,,,,,,,
10211,"Progetti in corso","!","Asset",,"Yes","No","PJ_WIP_ACCT",10201,"1.B.I.7","Altre",,,,,,,,
10212,"Oneri pluriennali",,"Asset",,,"No",,10201,"1.B.I.7","Altre",,,,,,,,
,,,,,,,,,,"Totale",,,,,,,,
10300,"Immobilizzazioni materiali",,"Asset",,,"Yes",,10200,"1.B.II","Immobilizzazioni materiali",,,,,,,,
10301,"Terreni",,"Asset",,,"No",,10300,"1.B.II.1","Terreni e fabbricati",,,,,,,,
10305,"Fabbricati non strumentali",,"Asset",,,"No",,10300,"1.B.II.1","Terreni e fabbricati",,,,,,,,
10310,"Fabbricati",,"Asset",,,"No",,10300,"1.B.II.1","Terreni e fabbricati",,,,,,,,
10311,"Fondo ammortamento fabbricati",,"Liability",,,"No",,10300,"1.B.II.1","Terreni e fabbricati",,,,,,,,
10315,"Impianti e macchinari",,"Asset",,,"No",,10300,"1.B.II.2","Impianti e macchinario",,,,,,,,
10316,"Fondo ammortamento impianti e macchinari",,"Liability",,,"No",,10300,"1.B.II.2","Impianti e macchinario",,,,,,,,
10320,"Attrezzature commerciali",,"Asset",,,"No",,10300,"1.B.II.3","Attrezzature industriali e commerciali ",,,,,,,,
10321,"Fondo ammortamento attrezzature commerciali",,"Liability",,,"No",,10300,"1.B.II.3","Attrezzature industriali e commerciali ",,,,,,,,
10325,"Attrezzature d'ufficio",,"Asset",,,"No",,10300,"1.B.II.3","Attrezzature industriali e commerciali ",,,,,,,,
10326,"Fondo ammortamento attrezzature d'ufficio",,"Liability",,,"No",,10300,"1.B.II.3","Attrezzature industriali e commerciali ",,,,,,,,
10327,"Macchine elettroniche ufficio",,"Asset",,,"No",,10300,"1.B.II.3","Attrezzature industriali e commerciali ",,,,,,,,
10328,"Fondo ammortamento macchine elettroniche ufficio",,"Liability",,,"No",,10300,"1.B.II.3","Attrezzature industriali e commerciali ",,,,,,,,
10330,"Arredamento",,"Asset",,,"No",,10300,"1.B.II.3","Attrezzature industriali e commerciali ",,,,,,,,
10331,"Fondo ammortamento arredamento",,"Liability",,,"No",,10300,"1.B.II.3","Attrezzature industriali e commerciali ",,,,,,,,
10335,"Automezzi",,"Asset",,,"No",,10300,"1.B.II.3","Attrezzature industriali e commerciali ",,,,,,,,
10336,"Fondo ammortamento automezzi",,"Liability",,,"No",,10300,"1.B.II.3","Attrezzature industriali e commerciali ",,,,,,,,
10340,"Altri beni materiali",,"Asset",,,"No",,10300,"1.B.II.4","Altri beni",,,,,,,,
10341,"Fondo ammortamento altri beni materiali",,"Liability",,,"No",,10300,"1.B.II.4","Altri beni",,,,,,,,
10345,"Immobilizzazioni in corso e acconti",,"Asset",,,"No",,10300,"1.B.II.5","Immobilizzazioni in corso e acconti",,,,,,,,
,,,,,,,,,,"Totale",,,,,,,,
10400,"Immobilizzazioni finanziarie",,"Asset",,,"Yes",,10200,"1.B.III","Immobilizzazioni finanziarie",,,,,,,,
10401,"Partecipazioni",,"Asset",,,"Yes",,10400,"1.B.III.1","Partecipazioni in",,,,,,,,
10402,"Partecipazioni in imprese controllate",,"Asset",,,"No",,10401,"1.B.III.1.a","imprese controllate",,,,,,,,
10403,"Partecipazioni in imprese collegate",,"Asset",,,"No",,10401,"1.B.III.1.b","imprese collegate",,,,,,,,
10404,"Partecipazioni in imprese controllanti",,"Asset",,,"No",,10401,"1.B.III.1.c","imprese controllanti",,,,,,,,
10405,"Partecipazioni in altre imprese",,"Asset",,,"No",,10401,"1.B.III.1.d","altre imprese",,,,,,,,
10500,"Crediti",,"Asset",,,"Yes",,10400,"1.B.III.2","Crediti",,,,,,,,
,,,,,,,,,"1.B.III.2.a","verso imprese controllate",,,,,,,,
10501,"Crediti verso imprese controllate",,"Asset",,,"No",,10500,"1.B.III.2.a -","importi esigibili entro l'esercizio",,,,,,,,
,,,,,,,,,"1.B.III.2.a -","importi esigibili oltre l'esercizio",,,,,,,,
,,,,,,,,,"1.B.III.2.b","verso imprese collegate",,,,,,,,
10502,"Crediti verso imprese collegate",,"Asset",,,"No",,10500,"1.B.III.2.b -","importi esigibili entro l'esercizio",,,,,,,,
,,,,,,,,,"1.B.III.2.b -","importi esigibili oltre l'esercizio",,,,,,,,
,,,,,,,,,"1.B.III.2.c","verso controllanti",,,,,,,,
10503,"Crediti verso controllanti",,"Asset",,,"No",,10500,"1.B.III.2.c -","importi esigibili entro l'esercizio",,,,,,,,
,,,,,,,,,"1.B.III.2.c -","importi esigibili oltre l'esercizio",,,,,,,,
,,,,,,,,,"1.B.III.2.d","verso altri",,,,,,,,
10504,"Crediti verso altri",,"Asset",,,"No",,10500,"1.B.III.2.d -","importi esigibili entro l'esercizio",,,,,,,,
,,,,,,,,,"1.B.III.2.d -","importi esigibili oltre l'esercizio",,,,,,,,
10515,"Altri titoli",,"Asset",,,"No",,10500,"1.B.III.3","Altri titoli",,,,,,,,
10530,"Azioni proprie",,"Asset",,,"No",,10500,"1.B.III.4","Azioni proprie, con indicazione anche del valore nominale complessivo",,,,,,,,
10600,"Rimanenze",,"Asset",,,"Yes",,10700,"1.C.I","Rimanenze",,,,,,,,
10601,"Prodotti finiti e merci","!","Asset",,"Yes","No","W_INVENTORY_ACCT",10600,"1.C.I.4","prodotti finiti e merci ",,,,,,,,
10602,"Imballaggi",,"Asset",,,"No",,10600,"1.C.I.4","prodotti finiti e merci ",,,,,,,,
10603,"Materie prime e di consumo",,"Asset",,,"No",,10600,"1.C.I.1","materie prime, sussidiarie e di consumo",,,,,,,,
10604,"Merci in produzione e semilavorati","!","Asset",,"Yes","No","P_ASSET_ACCT",10600,"1.C.I.2","prodotti in corso di lavorazione e semilavorati ",,,,,,,,
10605,"Lavori in corso su ordinazione",,"Asset",,,"No",,10600,"1.C.I.3","lavori in corso su ordinazione",,,,,,,,
10611,"Fondo svalutazione magazzino",,"Liability",,,"No",,10600,"1.C.I.4","prodotti finiti e merci ",,,,,,,,
10615,"Acconti su rimanenze",,"Liability",,,"No",,10600,"1.C.I.5","acconti",,,,,,,,
,,,,,,,,,,"Totale",,,,,,,,
10700,"Attivo circolante",,"Asset",,,"Yes",,10000,"1.C","Attivo circolante",,,,,,,,
10701,"Crediti",,"Asset",,,"Yes",,10700,"1.C.II","Crediti",,,,,,,,
,,,,,,,,,"1.C.II.1","verso i clienti",,,,,,,,
10702,"Crediti verso clienti","!","Asset",,"Yes","No","C_RECEIVABLE_ACCT",10701,"1.C.II.1 -","importi esigibili entro l'esercizio",,,,,,,,
,,,,,,,,,"1.C.II.1 -","importi esigibili oltre l'esercizio",,,,,,,,
,,,,,,,,,"1.C.II.1","verso i clienti",,,,,,,,
10703,"Cambiali attive",,"Asset",,,"No",,10701,"1.C.II.1 -","importi esigibili entro l'esercizio",,,,,,,,
,,,,,,,,,"1.C.II.1 -","importi esigibili oltre l'esercizio",,,,,,,,
,,,,,,,,,"1.C.II.1","verso i clienti",,,,,,,,
10704,"Cambiali allo sconto",,"Asset",,,"No",,10701,"1.C.II.1 -","importi esigibili entro l'esercizio",,,,,,,,
,,,,,,,,,"1.C.II.1 -","importi esigibili oltre l'esercizio",,,,,,,,
,,,,,,,,,"1.C.II.1","verso i clienti",,,,,,,,
10705,"Cambiali all'incasso",,"Asset",,,"No",,10701,"1.C.II.1 -","importi esigibili entro l'esercizio",,,,,,,,
,,,,,,,,,"1.C.II.1 -","importi esigibili oltre l'esercizio",,,,,,,,
,,,,,,,,,"1.C.II.1","verso i clienti",,,,,,,,
10706,"Effetti insoluti e protestati",,"Asset",,,"No",,10701,"1.C.II.1 -","importi esigibili entro l'esercizio",,,,,,,,
,,,,,,,,,"1.C.II.1 -","importi esigibili oltre l'esercizio",,,,,,,,
,,,,,,,,,"1.C.II.1","verso i clienti",,,,,,,,
10707,"Crediti insoluti",,"Asset",,,"No",,10701,"1.C.II.1 -","importi esigibili entro l'esercizio",,,,,,,,
,,,,,,,,,"1.C.II.1 -","importi esigibili oltre l'esercizio",,,,,,,,
,,,,,,,,,"1.C.II.1","verso i clienti",,,,,,,,
10711,"Fatture da emettere","!I beni e/o i servizi sono usciti ma non ancora fatturati","Asset",,"Yes","No","NOTINVOICEDRECEIVABLES_ACCT",10701,"1.C.II.1 -","importi esigibili entro l'esercizio",,,,,,,,
,,,,,,,,,"1.C.II.1 -","importi esigibili oltre l'esercizio",,,,,,,,
,,,,,,,,,"1.C.II.1 -","verso i clienti",,,,,,,,
10720,"Portafoglio effetti",,"Asset",,"Yes","No","C_PORTFOLIO_ACCT",10701,"1.C.II.1 -","importi esigibili entro l'esercizio",,,,,,,,
,,,,,,,,,"1.C.II.1 -","importi esigibili oltre l'esercizio",,,,,,,,
,,,,,,,,,"1.C.II.1","verso i clienti",,,,,,,,
10731,"Fondo svalutazione crediti",,"Asset",,,"No",,10701,"1.C.II.1 -","importi esigibili entro l'esercizio",,,,,,,,
,,,,,,,,,"1.C.II.1 -","importi esigibili oltre l'esercizio",,,,,,,,
,,,,,,,,,"1.C.II.1","verso i clienti",,,,,,,,
10732,"Fondo rischi su crediti",,"Asset",,,"No",,10701,"1.C.II.1 -","importi esigibili entro l'esercizio",,,,,,,,
,,,,,,,,,"1.C.II.1 -","importi esigibili oltre l'esercizio",,,,,,,,
10800,"Crediti intragruppo",,"Asset",,,"Yes",,10700,"1.C.II","Crediti",,,,,,,,
,,,,,,,,,"1.C.II.2","verso imprese controllate ",,,,,,,,
10801,"Crediti verso imprese controllate ",,"Asset",,,"No",,10800,"1.C.II.2 -","importi esigibili entro l'esercizio",,,,,,,,
,,,,,,,,,"1.C.II.2 -","importi esigibili oltre l'esercizio",,,,,,,,
,,,,,,,,,"1.C.II.3","verso imprese collegate",,,,,,,,
10802,"Crediti verso imprese collegate","!","Asset",,"Yes","No","INTERCOMPANYDUEFROM_ACCT",10800,"1.C.II.3 -","importi esigibili entro l'esercizio",,,,,,,,
,,,,,,,,,"1.C.II.3 -","importi esigibili oltre l'esercizio",,,,,,,,
,,,,,,,,,"1.C.II.4","verso imprese controllanti",,,,,,,,
10803,"Crediti verso imprese controllanti",,"Asset",,,"No",,10800,"1.C.II.4 -","importi esigibili entro l'esercizio",,,,,,,,
,,,,,,,,,"1.C.II.4 -","importi esigibili oltre l'esercizio",,,,,,,,
,,,,,,,,,"1.C.II.4.b","crediti tributari",,,,,,,,
,,,,,,,,,"1.C.II.4.b -","importi esigibili entro l'esercizio",,,,,,,,
,,,,,,,,,"1.C.II.4.b -","importi esigibili oltre l'esercizio",,,,,,,,
,,,,,,,,,"1.C.II.4.t","imposte anticipate",,,,,,,,
,,,,,,,,,"1.C.II.4.t -","importi esigibili entro l'esercizio",,,,,,,,
,,,,,,,,,"1.C.II.4.t -","importi esigibili oltre l'esercizio",,,,,,,,
10900,"Crediti diversi",,"Asset",,,"Yes",,10700,"1.C.II","Crediti",,,,,,,,
,,,,,,,,,"1.C.II.5","verso altri",,,,,,,,
10901,"IVA a nostro credito (acquisti)","!","Asset",,"Yes","No","VAT_CREDIT_ACCT",10900,"1.C.II.5 -","importi esigibili entro l'esercizio",,,,,,,,
,,,,,,,,,"1.C.II.5 -","importi esigibili oltre l'esercizio",,,,,,,,
,,,,,,,,,"1.C.II.5","verso altri",,,,,,,,
10905,"Deduzioni dalle tasse","!","Asset",,"Yes","No","T_RECEIVABLES_ACCT",10900,"1.C.II.5 -","importi esigibili entro l'esercizio",,,,,,,,
,,,,,,,,,"1.C.II.5 -","importi esigibili oltre l'esercizio",,,,,,,,
,,,,,,,,,"1.C.II.5","verso altri",,,,,,,,
10906,"Crediti per rimborsi delle tasse","!","Asset",,"Yes","No","T_CREDIT_ACCT",10900,"1.C.II.5 -","importi esigibili entro l'esercizio",,,,,,,,
,,,,,,,,,"1.C.II.5 -","importi esigibili oltre l'esercizio",,,,,,,,
,,,,,,,,,"1.C.II.5","verso altri",,,,,,,,
10960,"Erario c/acconto IVA",,"Asset",,,"No",,10900,"1.C.II.5 -","importi esigibili entro l'esercizio",,,,,,,,
,,,,,,,,,"1.C.II.5 -","importi esigibili oltre l'esercizio",,,,,,,,
,,,,,,,,,"1.C.II.5","verso altri",,,,,,,,
10965,"Credito per rimborso  IVA",,"Asset",,,"No",,10900,"1.C.II.5 -","importi esigibili entro l'esercizio",,,,,,,,
,,,,,,,,,"1.C.II.5 -","importi esigibili oltre l'esercizio",,,,,,,,
,,,,,,,,,"1.C.II.5","verso altri",,,,,,,,
10970,"Personale c/anticipi","!Anticipi su costi del personale","Asset",,"Yes","No","E_PREPAYMENT_ACCT",10900,"1.C.II.5 -","importi esigibili entro l'esercizio",,,,,,,,
,,,,,,,,,"1.C.II.5 -","importi esigibili oltre l'esercizio",,,,,,,,
,,,,,,,,,"1.C.II.5","verso altri",,,,,,,,
10971,"Crediti v/istituti previdenziali",,"Asset",,,"No",,10900,"1.C.II.5 -","importi esigibili entro l'esercizio",,,,,,,,
,,,,,,,,,"1.C.II.5 -","importi esigibili oltre l'esercizio",,,,,,,,
,,,,,,,,,"1.C.II.5","verso altri",,,,,,,,
10972,"Crediti per cauzioni",,"Asset",,,"No",,10900,"1.C.II.5 -","importi esigibili entro l'esercizio",,,,,,,,
,,,,,,,,,"1.C.II.5 -","importi esigibili oltre l'esercizio",,,,,,,,
,,,,,,,,,"1.C.II.5","verso altri",,,,,,,,
10973,"Crediti diversi",,"Asset",,,"No",,10900,"1.C.II.5 -","importi esigibili entro l'esercizio",,,,,,,,
,,,,,,,,,"1.C.II.5 -","importi esigibili oltre l'esercizio",,,,,,,,
,,,,,,,,,"1.C.II.5","verso altri",,,,,,,,
10975,"Anticipi a fornitori",,"Asset",,"Yes","No","V_PREPAYMENT_ACCT",10900,"1.C.II.5 -","importi esigibili entro l'esercizio",,,,,,,,
,,,,,,,,,"1.C.II.5 -","importi esigibili oltre l'esercizio",,,,,,,,
11000,"Attivita' finanziarie",,"Asset",,,"Yes",,10700,"1.C.III","Attivita' finanziarie che non costituiscono immobilizzazioni",,,,,,,,
11001,"Partecipazioni in imprese controllate ",,"Asset",,,"No",,11000,"1.C.III.1","Partecipazioni in imprese controllate ",,,,,,,,
11002,"Partecipazioni in imprese collegate",,"Asset",,,"No",,11000,"1.C.III.2","Partecipazioni in imprese collegate",,,,,,,,
11003,"Partecipazioni in imprese controllanti",,"Asset",,,"No",,11000,"1.C.III.3","Partecipazioni in imprese controllanti",,,,,,,,
11004,"Altre partecipazioni ",,"Asset",,,"No",,11000,"1.C.III.4","Altre partecipazioni ",,,,,,,,
11005,"Azioni proprie",,"Asset",,,"No",,11000,"1.C.III.5","Azioni proprie, con indicazione anche del valore nominale complessivo",,,,,,,,
11006,"Titoli in portafoglio",,"Asset",,,"No",,11000,"1.C.III.6","Altri titoli",,,,,,,,
,,,,,,,,,,"Totale",,,,,,,,
11100,"Disponibilita' liquide",,"Asset",,,"Yes",,10700,"1.C.IV","Disponibilita' liquide",,,,,,,,
11101,"Banca 1 c/c ordinario","!","Asset",,"Yes","No","B_ASSET_ACCT",11100,"1.C.IV.1","Depositi bancari e postali",,,,,,,,
11102,"Banca 2 c/c ordinario",,,,,,,11100,"2.C.IV.1","Depositi bancari e postali",,,,,,,,
11103,"Banca 3 c/c ordinario",,,,,,,11100,"3.C.IV.1","Depositi bancari e postali",,,,,,,,
11105,"Banca c/transitorio","!Transazioni in transito verso il c/c bancario","Asset",,"Yes","No","B_INTRANSIT_ACCT",11100,"1.C.IV.1","Depositi bancari e postali",,,,,,,,
11111,"Poste c/c",,"Asset",,,"No",,11100,"1.C.IV.1","Depositi bancari e postali",,,,,,,,
11104,"Assegni",,"Asset",,,"No",,11100,"1.C.IV.2","Assegni",,,,,,,,
11115,"Denaro e valori in cassa","!","Asset",,"Yes","No","CB_ASSET_ACCT",11100,"1.C.IV.3","Denaro e valori in cassa",,,,,,,,
11116,"Transiti verso cassa","!Transazioni in transito verso la cassa","Asset",,"Yes","No","CB_CASHTRANSFER_ACCT",11100,"1.C.IV.3","Denaro e valori in cassa",,,,,,,,
11120,"Denaro ricevuto da clienti non identificati","!","Asset",,"Yes","No","B_UNIDENTIFIED_ACCT",11100,"1.C.IV.3","Denaro e valori in cassa",,,,,,,,
11121,"Denaro ricevuto ma non allocato","!","Asset",,"Yes","No","B_UNALLOCATEDCASH_ACCT",11100,"1.C.IV.3","Denaro e valori in cassa",,,,,,,,
11200,"Ratei e risconti attivi",,"Asset",,,"Yes",,10000,"1.D","Ratei e risconti attivi",,,,,,,,
11201,"Ratei attivi",,"Asset",,,"No",,11200,"1.D.I","Ratei attivi",,,,,,,,
11202,"Risconti attivi",,"Asset",,,"No",,11200,"1.D.II","Risconti attivi",,,,,,,,
11203,"Disaggio su prestiti",,"Asset",,,"No",,11200,"1.D.III","Disaggio su prestiti",,,,,,,,
,,,,,,,,,,,,,,,,,,
20000,"Passivita'",,"Liability",,,"Yes",,,2,"PASSIVO",,,,,,,,
20100,"Patrimonio netto",,"Owner's Equity",,,"Yes",,20000,"2.A","Patrimonio netto",,,,,,,,
20101,"Capitale sociale",,"Owner's Equity",,,"No",,20100,"2.A.I","Capitale",,,,,,,,
20102,"Riserva da sovrapprezzo delle azioni ",,"Owner's Equity",,,"No",,20100,"2.A.II","Riserva da sovrapprezzo delle azioni ",,,,,,,,
20103,"Riserva di rivalutazione",,"Owner's Equity",,,"No",,20100,"2.A.III","Riserve di rivalutazione",,,,,,,,
20104,"Riserva legale",,"Owner's Equity",,,"No",,20100,"2.A.IV","Riserva legale",,,,,,,,
20105,"Riserva per azioni proprie in portafoglio",,"Owner's Equity",,,"No",,20100,"2.A.V","Riserve statutarie",,,,,,,,
20106,"Riserve statutarie",,"Owner's Equity",,,"No",,20100,"2.A.VI","Riserva per azioni proprie in portafoglio",,,,,,,,
20107,"Altre riserve",,"Owner's Equity",,,"No",,20100,"2.A.VII","Altre riserve",,,,,,,,
20130,"Utili (perdite) portati a nuovo",,"Owner's Equity",,,"No",,20100,"2.A.VIII","Utili (perdite) portati a nuovo",,,,,,,,
20131,"Utile d'esercizio","!","Owner's Equity",,"Yes","No","RETAINEDEARNING_ACCT",20100,"2.A.IX","Utile (perdita) dell'esercizio",,,,,,,,
20132,"Perdita d'esercizio",,"Owner's Equity",,,"No",,20100,"2.A.IX","Utile (perdita) dell'esercizio",,,,,,,,
,,,,,,,,,,"Totale",,,,,,,,
20200,"Fondo accantonamento rischi ed oneri",,"Liability",,,"Yes",,20000,"2.B","Fondi per rischi ed oneri",,,,,,,,
20201,"Fondo per trattamento di quiescenza",,"Liability",,,"No",,20200,"2.B.1","per trattamento di quiescenza e obblighi simili",,,,,,,,
20202,"Fondo per imposte",,"Liability",,,"No",,20200,"2.B.2","per imposte, anche differite",,,,,,,,
20203,"Fondo manutenzioni e riparazioni",,"Liability",,,"No",,20200,"2.B.3","Altri ",,,,,,,,
20206,"Altri fondi",,"Liability",,,"No",,20200,"2.B.3","Altri ",,,,,,,,
,,,,,,,,,,"Totale",,,,,,,,
20300,"Trattamento di fine rapporto di lavoro subordinato",,"Liability",,,"Yes",,20000,"2.C","Trattamento di fine rapporto di lavoro subordinato",,,,,,,,
20301,"Debito per TFR",,"Liability",,,"No",,20300,"2.C.1","Trattamento di fine rapporto di lavoro subordinato",,,,,,,,
20400,"Debiti",,,,,"Yes",,20000,,,,,,,,,,
20401,"Debiti di finanziamento",,"Liability",,,"Yes",,20400,"2.D","Debiti",,,,,,,,
,,,,,,,,,"2.D.4","debiti verso banche",,,,,,,,
20402,"Mutui ipotecari",,"Liability",,,"No",,20401,"2.D.4 -","importi esigibili entro l'esercizio",,,,,,,,
,,,,,,,,,"2.D.4 -","importi esigibili oltre l'esercizio",,,,,,,,
20403,"Finanziamenti bancari",,"Liability",,,"No",,20401,"2.D.4","debiti verso altri finanziatori",,,,,,,,
,,,,,,,,,"2.D.4 -","importi esigibili entro l'esercizio",,,,,,,,
,,,,,,,,,"2.D.4 -","importi esigibili oltre l'esercizio",,,,,,,,
20404,"Sovvenzioni bancarie",,"Liability",,,"No",,20401,"2.D.4","debiti verso banche",,,,,,,,
,,,,,,,,,"2.D.4 -","importi esigibili entro l'esercizio",,,,,,,,
,,,,,,,,,"2.D.4 -","importi esigibili oltre l'esercizio",,,,,,,,
20405,"Banca 1 c/c passivo",,"Liability",,,"No",,20401,"2.D.4","debiti verso banche",,,,,,,,
,,,,,,,,,"2.D.4 -","importi esigibili entro l'esercizio",,,,,,,,
,,,,,,,,,"2.D.4 -","importi esigibili oltre l'esercizio",,,,,,,,
20406,"Banca 2 c/c passivo",,"Liability",,,"No",,20401,"2.D.4","debiti verso banche",,,,,,,,
,,,,,,,,,"2.D.4 -","importi esigibili entro l'esercizio",,,,,,,,
,,,,,,,,,"2.D.4 -","importi esigibili oltre l'esercizio",,,,,,,,
20407,"Banca 3 c/c passivo",,"Liability",,,"No",,20401,"2.D.4","debiti verso banche",,,,,,,,
,,,,,,,,,"2.D.4 -","importi esigibili entro l'esercizio",,,,,,,,
,,,,,,,,,"2.D.4 -","importi esigibili oltre l'esercizio",,,,,,,,
,,,,,,,,,"2.D.1","obbligazioni",,,,,,,,
20413,"Obbligazioni non convertibili",,"Liability",,,"No",,20401,"2.D.1 -","importi esigibili entro l'esercizio",,,,,,,,
,,,,,,,,,"2.D.1 -","importi esigibili oltre l'esercizio",,,,,,,,
,,,,,,,,,"2.D.2","obbligazioni convertibili",,,,,,,,
20414,"Obbligazioni convertibili",,"Liability",,,"No",,20401,"2.D.2 -","importi esigibili entro l'esercizio",,,,,,,,
,,,,,,,,,"2.D.2 -","importi esigibili oltre l'esercizio",,,,,,,,
,,,,,,,,,"2.D.3","debiti verso soci per finanziamenti",,,,,,,,
20415,"Debiti verso soci per finanziamenti",,"Liqbility",,,"No",,20401,"2.D.3 -","importi esigibili entro l'esercizio",,,,,,,,
,,,,,,,,,"2.D.3 -","importi esigibili oltre l'esercizio",,,,,,,,
,,,,,,,,,"2.D.5","debiti verso altri finanziatori",,,,,,,,
20411,"Finanziamenti non bancari",,"Liability",,,"No",,20401,"2.D.5 -","importi esigibili entro l'esercizio",,,,,,,,
,,,,,,,,,"2.D.5 -","importi esigibili oltre l'esercizio",,,,,,,,
,,,,,,,,,"2.D.8","debiti rappresentati da titoli di credito",,,,,,,,
20412,"Debiti rappresentati da titoli di credito",,"Liability",,,"No",,20401,"2.D.8 -","importi esigibili entro l'esercizio",,,,,,,,
,,,,,,,,,"2.D.8 -","importi esigibili oltre l'esercizio",,,,,,,,
20430,"Debiti commerciali",,"Liability",,,"Yes",,20000,"2.D","Debiti",,,,,,,,
,,,,,,,,,"2.D.7","debiti verso fornitori",,,,,,,,
20431,"Debiti verso fornitori","!","Liability",,"Yes","No","V_LIABILITY_ACCT",20430,"2.D.7 -","importi esigibili entro l'esercizio",,,,,,,,
,,,,,,,,,"2.D.7 -","importi esigibili oltre l'esercizio",,,,,,,,
,,,,,,,,,"2.D.7","debiti verso fornitori",,,,,,,,
20432,"Cambiali passive",,"Liability",,,"No",,20430,"2.D.7 -","importi esigibili entro l'esercizio",,,,,,,,
,,,,,,,,,"2.D.7 -","importi esigibili oltre l'esercizio",,,,,,,,
,,,,,,,,,"2.D.7","debiti verso fornitori",,,,,,,,
20433,"Fatture da ricevere","!","Liability",,"Yes","No","NOTINVOICEDRECEIPTS_ACCT",20430,"2.D.7 -","importi esigibili entro l'esercizio",,,,,,,,
,,,,,,,,,"2.D.7 -","importi esigibili oltre l'esercizio",,,,,,,,
,,,,,,,,,"2.D.7","debiti verso fornitori",,,,,,,,
20434,"Altri debiti verso fornitori",,"Liability",,,"No",,20430,"2.D.7 -","importi esigibili entro l'esercizio",,,,,,,,
,,,,,,,,,"2.D.7 -","importi esigibili oltre l'esercizio",,,,,,,,
,,,,,,,,,"2.D.6","acconti",,,,,,,,
20435,"Acconti",,"Liability",,,"No",,20430,"2.D.6 -","importi esigibili entro l'esercizio",,,,,,,,
,,,,,,,,,"2.D.6 -","importi esigibili oltre l'esercizio",,,,,,,,
,,,,,,,,,"2.D.7","Debiti verso fornitori",,,,,,,,
20436,"Debiti per servizi","!","Liability",,"Yes","No","V_LIABILITY_SERVICES_ACCT",20430,"2.D.7 -","importi esigibili entro l'esercizio",,,,,,,,
,,,,,,,,,"2.D.7 -","importi esigibili oltre l'esercizio",,,,,,,,
,,,,,,,,,"2.D.7","Debiti verso fornitori",,,,,,,,
20437,"Altri debiti commerciali","!","Liability",,"Yes","No","B_PAYMENTSELECT_ACCT",20430,"2.D.7 -","importi esigibili entro l'esercizio",,,,,,,,
,,,,,,,,,"2.D.7 -","importi esigibili oltre l'esercizio",,,,,,,,
,,,,,,,,,"2.D.6","acconti",,,,,,,,
20438,"Anticipi da clienti","!","Liability",,"Yes","No","C_PREPAYMENT_ACCT",20430,"2.D.6 -","importi esigibili entro l'esercizio",,,,,,,,
,,,,,,,,,"2.D.6 -","importi esigibili oltre l'esercizio",,,,,,,,
20450,"Debiti tributari",,"Liability",,,"Yes",,20430,"2.D","Debiti",,,,,,,,
,,,,,,,,,"2.D.12","debiti tributari",,,,,,,,
20451,"IVA ns. debito (vendite)","!","Liability",,"Yes","No","VAT_DUE_ACCT",20450,"2.D.12 -","importi esigibili entro l'esercizio",,,,,,,,
,,,,,,,,,"2.D.12 -","importi esigibili oltre l'esercizio",,,,,,,,
,,,,,,,,,"2.D.12","debiti tributari",,,,,,,,
20452,"Erario c/IVA",,"Liability",,,"No",,20450,"2.D.12 -","importi esigibili entro l'esercizio",,,,,,,,
,,,,,,,,,"2.D.12 -","importi esigibili oltre l'esercizio",,,,,,,,
,,,,,,,,,"2.D.12","debiti tributari",,,,,,,,
20453,"Debito per imposte","!","Liability",,"Yes","No","T_DUE_ACCT",20450,"2.D.12 -","importi esigibili entro l'esercizio",,,,,,,,
,,,,,,,,,"2.D.12 -","importi esigibili oltre l'esercizio",,,,,,,,
,,,,,,,,,"2.D.12","debiti tributari",,,,,,,,
20454,"Erario c/ritenute","!Sostituto d'imposta","Liability",,"Yes","No","WITHHOLDING_ACCT",20450,"2.D.12 -","importi esigibili entro l'esercizio",,,,,,,,
,,,,,,,,,"2.D.12 -","importi esigibili oltre l'esercizio",,,,,,,,
,,,,,,,,,"2.D.12","debiti tributari",,,,,,,,
20455,"Altri debiti verso l'erario",,"Liability",,,"No",,20450,"2.D.12 -","importi esigibili entro l'esercizio",,,,,,,,
,,,,,,,,,"2.D.12 -","importi esigibili oltre l'esercizio",,,,,,,,
,,,,,,,,,"2.D.12","debiti tributari",,,,,,,,
20456,"Erario c/imposte","!","Liability",,"Yes","No","T_LIABILITY_ACCT",20450,"2.D.12 -","importi esigibili entro l'esercizio",,,,,,,,
,,,,,,,,,"2.D.12 -","importi esigibili oltre l'esercizio",,,,,,,,
20470,"Debiti intragruppo",,"Liability",,,"Yes",,20430,"2.D","Debiti",,,,,,,,
,,,,,,,,,"2.D.9","debiti verso imprese controllate",,,,,,,,
20471,"Debiti verso imprese controllate",,"Liability",,,"No",,20470,"2.D.9 -","importi esigibili entro l'esercizio",,,,,,,,
,,,,,,,,,"2.D.9 -","importi esigibili oltre l'esercizio",,,,,,,,
,,,,,,,,,"2.D.10","debiti verso imprese collegate",,,,,,,,
20472,"Debiti verso imprese collegate","!","Liability",,"Yes","No","INTERCOMPANYDUETO_ACCT",20470,"2.D.10 -","importi esigibili entro l'esercizio",,,,,,,,
,,,,,,,,,"2.D.10 -","importi esigibili oltre l'esercizio",,,,,,,,
,,,,,,,,,"2.D.11","debiti verso controllanti",,,,,,,,
20473,"Debiti verso controllanti",,"Liability",,,"No",,20470,"2.D.11 -","importi esigibili entro l'esercizio",,,,,,,,
,,,,,,,,,"2.D.11 -","importi esigibili oltre l'esercizio",,,,,,,,
20480,"Debiti diversi",,"Liability",,,"Yes",,20430,"2.D","Debiti",,,,,,,,
,,,,,,,,,"2.D.14","altri debiti",,,,,,,,
20481,"Personale c/retribuzioni",,"Liability",,,"No",,20480,"2.D.14 - ","importi esigibili entro l'esercizio",,,,,,,,
,,,,,,,,,"2.D.14 - ","importi esigibili oltre l'esercizio",,,,,,,,
,,,,,,,,,"2.D.14","altri debiti",,,,,,,,
20482,"Personale c/liquidazioni",,"Liability",,,"No",,20480,"2.D.14 - ","importi esigibili entro l'esercizio",,,,,,,,
,,,,,,,,,"2.D.14 - ","importi esigibili oltre l'esercizio",,,,,,,,
,,,,,,,,,"2.D.13","debiti verso istituti di previdenza e di sicurezza sociale",,,,,,,,
20483,"Debiti v/istituti previdenziali","!","Liability",,"Yes","No","INPS_ACCT",20480,"2.D.13 -","importi esigibili entro l'esercizio",,,,,,,,
,,,,,,,,,"2.D.13 -","importi esigibili oltre l'esercizio",,,,,,,,
,,,,,,,,,"2.D.14","altri debiti",,,,,,,,
20484,"Debiti per cauzioni",,"Liability",,,"No",,20480,"2.D.14 -","importi esigibili entro l'esercizio",,,,,,,,
,,,,,,,,,"2.D.14 -","importi esigibili oltre l'esercizio",,,,,,,,
,,,,,,,,,"2.D.14","altri debiti",,,,,,,,
20485,"Debiti diversi",,"Liability",,,"No",,20480,"2.D.14 -","importi esigibili entro l'esercizio",,,,,,,,
,,,,,,,,,"2.D.14 -","importi esigibili oltre l'esercizio",,,,,,,,
,,,,,,,,,,"Totale",,,,,,,,
21000,"Ratei e risconti passivi",,"Liability",,,"Yes",,20000,"2.E","Ratei e risconti passivi",,,,,,,,
21001,"Ratei passivi",,"Liability",,,"No",,21000,"2.E.I","Ratei passivi",,,,,,,,
21002,"Risconti passivi",,"Liability",,,"No",,21000,"2.E.II","Risconti passivi",,,,,,,,
21003,"Aggio su prestiti",,"Liability",,,"No",,21000,"2.E.III","Aggio su prestiti",,,,,,,,
30000,"Altri conti patrimoniali",,"Asset",,,"Yes",,,,,,,,,,,,
30100,"Conti transitori e finali",,"Asset",,,"Yes",,30000,,,,,,,,,,
30101,"Bilancio di apertura",,"Asset",,,"No",,30100,,,,,,,,,,
30110,"Bilancio di chiusura",,"Asset",,,"No",,30100,,,,,,,,,,
30115,"Conto transitorio di bilancio","!Da ricontrollare e risolvere","Expense",,"Yes","No","SUSPENSEBALANCING_ACCT",30100,,,,,,,,,,
30116,"Errore in bilancio","!Da ricontrollare e risolvere","Expense",,"Yes","No","SUSPENSEERROR_ACCT",30100,,,,,,,,,,
40000,"Conti d'ordine",,"Memo",,,"Yes",,,,,,,,,,,,
40100,"Impegni",,"Memo",,,"Yes",,40000,,,,,,,,,,
40103,"Beni da ricevere",,"Memo",,,"No",,40100,,,,,,,,,,
40104,"Beni da consegnare",,"Memo",,,"No",,40100,,,,,,,,,,
40105,"Clienti per beni da consegnare",,"Memo",,,"No",,40100,,,,,,,,,,
40106,"Beni in leasing",,"Memo",,,"No",,40100,,,,,,,,,,
40107,"Creditori per beni in leasing",,"Memo",,,"No",,40100,,,,,,,,,,
40200,"Beni di terzi",,"Memo",,,"Yes",,40000,,,,,,,,,,
40201,"Beni di terzi",,"Memo",,,"No",,40200,,,,,,,,,,
40300,"Beni nostri presso terzi",,"Memo",,,"Yes",,40000,,,,,,,,,,
40301,"Beni nostri presso terzi",,"Memo",,,"No",,40300,,,,,,,,,,
40400,"Rischi",,"Memo",,,"Yes",,40000,,,,,,,,,,
40401,"Rischi",,"Memo",,,"No",,40400,,,,,,,,,,
,,,,,,,,,,,,,,,,,,
90000,"Risultato economico",,"Revenue",,,"Yes",,,,,,,"3.E.23","Utile (perdite) dell'esercizio ",,,,
90001,"Risultato prima delle imposte",,"Revenue",,,"No",,90000,,,,,"3.ABCDE","Risultato prima delle imposte (A - B + - C + - D + - E)",,,,
90002,"Imposte sul reddito dell'esercizio",,"Expense",,,"No",,90000,,,,,"3.E.22","Imposte sul reddito dell'esercizio, correnti, differite e anticipate",,,,
,,,,,,,,,,,,,,,,,,
50000,"Valore della produzione",,"Revenue",,,"Yes",,,,,,,"3.A","Valore della produzione",,,,
50100,"Ricavi vendite e prestazioni",,"Revenue",,,"Yes",,50000,,,,,"3.A.1","Ricavi delle vendite e delle prestazioni",,,,
50102,"Ricavi per vendita merci",,"Revenue",,,"No",,50100,,,,,"3.A.1","Ricavi delle vendite e delle prestazioni",,,,
50103,"Ricavi per prestazione di servizi",,"Revenue",,,"No",,50100,,,,,"3.A.1","Ricavi delle vendite e delle prestazioni",,,,
50104,"Sconti per pagamenti anticipati",,"Revenue",,"Yes","No","PAYDISCOUNT_EXP_ACCT",50100,,,,,"3.A.1","Ricavi delle vendite e delle prestazioni",,,,
50106,"Resi su vendite",,"Expense",,,"No",,50100,,,,,"3.A.1","Ricavi delle vendite e delle prestazioni",,,,
50107,"Ribassi e abbuoni passivi",,"Expense",,"Yes","No","P_TRADEDISCOUNTREC_ACCT",50100,,,,,"3.A.1","Ricavi delle vendite e delle prestazioni",,,,
50108,"Premi su vendite",,"Expense",,,"No",,50100,,,,,"3.B.9.e","Altri costi del personale",,,,
50110,"Rimborso spese",,"Revenue",,,"No",,50100,,,,,"3.A.5","Altri ricavi e proventi",,,,
50111,"Ricavi per vendita prodotti finiti",,"Revenue",," ","No",,50100,,,,,"3.A.1","Ricavi delle vendite e delle prestazioni",,,,
50207,"Ricavi",,"Revenue",,"Yes","No","P_REVENUE_ACCT",50200,,,,,"3.A.1","Ricavi delle vendite e delle prestazioni",,,,
50208,"Ricavi presunti",,"Revenue",,"Yes","No","UNEARNEDREVENUE_ACCT",50200,,,,,"3.A.1","Ricavi delle vendite e delle prestazioni",,,,
50209,"Ricavi su fatture da emettere",,"Revenue",,"Yes","No","NOTINVOICEDREVENUE_ACCT",50200,,,,,"3.A.1","Ricavi delle vendite e delle prestazioni",,,,
50200,"Altri ricavi e proventi",,"Revenue",,,"Yes",,50000,,,,,"3.A.5","Altri ricavi e proventi",,,,
,,,,,,,,,,,,,"3.A.5.1","contributi in conto esercizio",,,,
50201,"Ricavi e proventi vari",,"Revenue",,"Yes","No","CH_REVENUE_ACCT",50200,,,,,"3.A.5","Altri ricavi e proventi",,,,
,,,,,,,,,,,,,"3.A.5.1","contributi in conto esercizio",,,,
50202,"Fitti attivi",,"Revenue",,,"No",,50200,,,,,"3.A.5","Altri ricavi e proventi",,,,
,,,,,,,,,,,,,"3.A.5.1","contributi in conto esercizio",,,,
50203,"Arrotondamenti positivi",,"Revenue",,,"No",,50200,,,,,"3.A.5","Altri ricavi e proventi",,,,
,,,,,,,,,,,,,"3.A.5.1","contributi in conto esercizio",,,,
50204,"Ricavi da scontrini","!","Revenue",,"Yes","No","CB_RECEIPT_ACCT",50200,,,,,"3.A.5","Altri ricavi e proventi",,,,
,,,,,,,,,,,,,"3.A.5.1","contributi in conto esercizio",,,,
50205,"Differenze positive sul cambio (stessa divisa estera)","!Guadagni realizzati per via del differente cambio tra il giorno dell'emissione del documento contabile ed il giorno del pagamento","Revenue",,"Yes","No","UNREALIZEDGAIN_ACCT",50200,,,,,"3.A.5","Altri ricavi e proventi",,,,
,,,,,,,,,,,,,"3.A.5.1","contributi in conto esercizio",,,,
50206,"Differenze positive sul cambio (divisa differente tra documento e pagamento)","!Guadagni realizzati per via della differente divisa utilizzata per il documento contabile ed il pagamento","Revenue",,"Yes","No","REALIZEDGAIN_ACCT",50200,,,,,"3.A.5","Altri ricavi e proventi",,,,
,,,,,,,,,,,,,"3.A.5.1","contributi in conto esercizio",,,,
,,,,,,,,,,,,,,"Totale",,,,
80500,"Altri conti economici",,,,,"Yes",," ",,,,,,,,,,
80501,"Perdite su prodotti fatturati","!Differenza tra prezzo di costo e prezzo di fatturazione","Expense",,"Yes","No","P_INVOICEPRICEVARIANCE_ACCT",80500,,,,,,,,,,
80502,"Varianza del prezzo di acquisto","!Differenza tra prezzo di acquisto con i costi standard","Expense",,"Yes","No","P_PURCHASEPRICEVARIANCE_ACCT",80500,,,,,,,,,,
80503,"Perdite e guadagni","!","Expense",,"Yes","No","DEFAULT_ACCT",80500,,,,,,,,,,
,,,,,,,,,,,,,,,,,,
60000,"Costi della produzione",,"Expense",,,"Yes",,,,,,,"3.B","Costi della produzione",,,,
60100,"Costi acquisto merci e materiali di consumo",,"Expense",,,"Yes",,60000,,,,,"3.B.6","per materie prime, sussidiarie, di consumo e di merci",,,,
60101,"Merci c/acquisti",,"Expense",,,"No",,60100,,,,,"3.B.6","per materie prime, sussidiarie, di consumo e di merci",,,,
60102,"Acquisti di imballaggi",,"Expense",,,"No",,60100,,,,,"3.B.6","per materie prime, sussidiarie, di consumo e di merci",,,,
60103,"Acquisti di materiali di consumo","!","Expense",,"Yes","No","P_EXPENSE_ACCT",60100,,,,,"3.B.6","per materie prime, sussidiarie, di consumo e di merci",,,,
60106,"Resi su acquisti",,"Revenue",,,"No",,60100,,,,,"3.B.6","per materie prime, sussidiarie, di consumo e di merci",,,,
60107,"Ribassi e abbuoni attivi","!","Revenue",,"Yes","No","P_TRADEDISCOUNTGRANT_ACCT",60100,,,,,"3.B.6","per materie prime, sussidiarie, di consumo e di merci",,,,
60108,"Premi da fornitori",,"Expense",,,"No",,60100,,,,,"3.A.5","Altri ricavi e proventi",,,,
60109,"Sconti per pagamenti anticipati","!","Expense",,"Yes","No","PAYDISCOUNT_REV_ACCT",60100,,,,,"3.A.5","Altri ricavi e proventi",,,,
60110,"Acquisti di merci vendute","!","Expense",,"Yes","No","P_COGS_ACCT",60100,,,,,"3.B.6","per materie prime, sussidiarie, di consumo e di merci",,,,
60111,"Abbuoni su acquisti","!","Expense",,"Yes","No","PPVOFFSET_ACCT",60100,,,,,"4.B.6","per materie prime, sussidiarie, di consumo e di merci",,,,
60200,"Costi per prestazioni e servizi",,"Expense",,,"Yes",,60000,,,,,"3.B.7","per servizi ",,,,
60201,"Costi di trasporto",,"Expense",,,"No",,60200,,,,,"3.B.7","per servizi ",,,,
60202,"Costi di energia",,"Expense",,,"No",,60200,,,,,"3.B.7","per servizi ",,,,
60203,"Costi di pubblicita'",,"Expense",,,"No",,60200,,,,,"3.B.7","per servizi ",,,,
60204,"Assicurazioni",,"Expense",,,"No",,60200,,,,,"3.B.7","per servizi ",,,,
60205,"Spese postali",,"Expense",,,"No",,60200,,,,,"3.B.7","per servizi ",,,,
60206,"Spese telefoniche",,"Expense",,,"No",,60200,,,,,"3.B.7","per servizi ",,,,
60207,"Spese legali e notarili",,"Expense",,,"No",,60200,,,,,"3.B.7","per servizi ",,,,
60208,"Spese banca","!","Expense",,"Yes","No","B_EXPENSE_ACCT",60200,,,,,"3.B.7","per servizi ",,,,
60209,"Manutenzioni riparazioni",,"Expense",,,"No",,60200,,,,,"3.B.7","per servizi ",,,,
60210,"Imponibile omaggi",,"Expense",,,"No",,60200,,,,,"3.B.9.e","Altri costi del personale",,,,
60211,"IVA c/omaggi",,"Expense",,,"No",,60200,,,,,"3.B.9.e","Altri costi del personale",,,,
60221,"Provvigioni passive",,"Expense",,,"No",,60200,,,,,"3.B.9.e","Altri costi del personale",,,,
60222,"Competenze a terzi",,"Expense",,,"No",,60200,,,,,"3.B.9.e","Altri costi del personale",,,,
60223,"Canoni assistenza",,"Expense",,,"No",,60200,,,,,"3.B.7","per servizi ",,,,
60224,"Spese viaggio",,"Expense",,,"No",,60200,,,,,"3.B.7","per servizi ",,,,
60225,"Spese auto",,"Expense",,,"No",,60200,,,,,"3.B.7","per servizi ",,,,
60226,"Spese varie",,"Expense",,,"No",,60200,,,,,"3.B.7","per servizi ",,,,
60227,"Spese cancelleria",,"Expense",,,"No",,60200,,,,,"3.B.7","per servizi ",,,,
60300,"Costi per godimento beni di terzi",,"Expense",,,"Yes",,60000,,,,,"3.B.8","per godimento di beni di terzi ",,,,
60301,"Fitti passivi",,"Expense",,,"No",,60300,,,,,"3.B.8","per godimento di beni di terzi ",,,,
60302,"Canoni leasing",,"Expense",,,"No",,60300,,,,,"3.B.8","per godimento di beni di terzi ",,,,
60303,"Canoni leasing parzial. deducibili",,"Expense",,,"No",,60300,,,,,"3.B.8","per godimento di beni di terzi ",,,,
60400,"Costi per il personale",,"Expense",,,"Yes",,60000,,,,,"3.B.9","per il personale",,,,
60401,"Salari e stipendi","!","Expense",,"Yes","No","E_EXPENSE_ACCT",60400,,,,,"3.B.9.a","salari e stipendi",,,,
60402,"Oneri sociali",,"Expense",,,"No",,60400,,,,,"3.B.9.b","oneri sociali",,,,
60403,"Trattamenti di fine rapporto di lavoro",,"Expense",,,"No",,60400,,,,,"3.B.9.c","trattamento di fine rapporto",,,,
60404,"Trattamenti di quiescenza e simili",,"Expense",,,"No",,60400,,,,,"3.B.9.d","trattamento di quiescenza e simili ",,,,
60405,"Altri costi per il personale",,"Expense",,,"No",,60400,,,,,"3.B.9.e","altri costi",,,,
60500,"Ammortamenti e svalutazioni",,"Expense",,,"Yes",,60000,,,,,"3.B.10","Ammortamenti e svalutazioni",,,,
60501,"Ammortamento immobilizzazioni immateriali",,"Expense",,,"Yes",,60500,,,,,"3.B.10.a","Ammortamento delle immobilizzazioni immateriali ",,,,
60502,"Ammortamento impianto e ampliamento",,"Expense",,,"No",,60501,,,,,"3.B.10.a","Ammortamento delle immobilizzazioni immateriali ",,,,
60503,"Ammortamento avviamento",,"Expense",,,"No",,60501,,,,,"3.B.10.a","Ammortamento delle immobilizzazioni immateriali ",,,,
60508,"Ammortamento di altre immobilizzazioni immateriali",,"Expense",,,"No",,60501,,,,,"3.B.10.a","Ammortamento delle immobilizzazioni immateriali ",,,,
60600,"Ammortamento immobilizzazioni materiali",,"Expense",,,"Yes",,60500,,,,,"3.B.10.b","Ammortamento delle immobilizzazioni materiali ",,,,
60601,"Ammortamento fabbricati",,"Expense",,,"No",,60600,,,,,"3.B.10.b","Ammortamento delle immobilizzazioni materiali ",,,,
60605,"Ammortamento impianti e macchinari",,"Expense",,,"No",,60600,,,,,"3.B.10.b","Ammortamento delle immobilizzazioni materiali ",,,,
60610,"Ammortamento attrezzature commerciali",,"Expense",,,"No",,60600,,,,,"3.B.10.b","Ammortamento delle immobilizzazioni materiali ",,,,
60615,"Ammortamento attrezzature d'ufficio",,"Expense",,,"No",,60600,,,,,"3.B.10.b","Ammortamento delle immobilizzazioni materiali ",,,,
60620,"Ammortamento arredamento",,"Expense",,,"No",,60600,,,,,"3.B.10.b","Ammortamento delle immobilizzazioni materiali ",,,,
60625,"Ammortamento automezzi",,"Expense",,,"No",,60600,,,,,"3.B.10.b","Ammortamento delle immobilizzazioni materiali ",,,,
60630,"Altre svalutazioni delle immobilizzazioni ",,"Expense",,,"No",,60600,,,,,"3.B.10.c","Altre svalutazioni delle immobilizzazioni ",,,,
60700,"Svalutazioni",,"Expense",,,"Yes",,60500,,,,,"3.B.10","Ammortamenti e svalutazioni",,,,
60701,"Svalutazioni attivo circolante e disponibilita' liquide ","!","Expense",,"Yes","No","CB_EXPENSE_ACCT",60700,,,,,"3.B.10.d","Svalutazioni dei crediti compresi dell'attivo circolante e delle disponibilita' liquide ",,,,
60702,"Differenze di cassa","!","Expense",,"Yes","No","CB_DIFFERENCES_ACCT",60700,,,,,"3.B.10.d","Svalutazioni dell'attivo circolante e delle disponibilita' liquide ",,,,
60703,"Svalutazione magazzino","!","Expense",,"Yes","No","W_REVALUATION_ACCT",60700,,,,,"3.B.11","Variazioni delle rimanenze materie prime, sussidiarie, di consumo e merci",,,,
60704,"Svalutazione crediti",,"Expense",,,"No",,60700,,,,,"3.B.12","Accantonamento per rischi",,,,
60800,"Esistenza iniziale e finale",,"Expense",,,"Yes",,50000,,,,,"3.A.2","Variazione delle rimanenze di prodotti in corso di lavorazione, semilavorati e finiti",,,,
60801,"Esistenza iniziale merci",,"Expense",,,"No",,60800,,,,,"3.A.2","Variazione delle rimanenze di prodotti in corso di lavorazione, semilavorati e finiti",,,,
60802,"Esistenza iniziale imballaggi",,"Expense",,,"No",,60800,,,,,"3.A.2","Variazione delle rimanenze di prodotti in corso di lavorazione, semilavorati e finiti",,,,
60803,"Esistenza iniziale materie di consumo",,"Expense",,,"No",,60800,,,,,"3.A.2","Variazione delle rimanenze di prodotti in corso di lavorazione, semilavorati e finiti",,,,
60811,"Rimanenze finali merci",,"Revenue",,,"No",,60800,,,,,"3.A.2","Variazione delle rimanenze di prodotti in corso di lavorazione, semilavorati e finiti",,,,
60812,"Rimanenze finali imballaggi",,"Revenue",,,"No",,60800,,,,,"3.A.2","Variazione delle rimanenze di prodotti in corso di lavorazione, semilavorati e finiti",,,,
60813,"Rimanenze finali materie di consumo",,"Revenue",,,"No",,60800,,,,,"3.A.2","Variazione delle rimanenze di prodotti in corso di lavorazione, semilavorati e finiti",,,,
60814,"Variazioni di magazzino","!","Expense",,"Yes","No","W_INVACTUALADJUST_ACCT",60800,,,,,"3.A.2","Variazione delle rimanenze di prodotti in corso di lavorazione, semilavorati e finiti",,,,
60821,"Variazioni merci","!","Expense",,"Yes","No","W_DIFFERENCES_ACCT",60800,,,,,"3.A.2","Variazione delle rimanenze di prodotti in corso di lavorazione, semilavorati e finiti",,,,
60822,"Variazioni imballaggi",,"Expense",,,"No",,60800,,,,,"3.A.2","Variazione delle rimanenze di prodotti in corso di lavorazione, semilavorati e finiti",,,,
60823,"Variazioni materie di consumo",,"Expense",,,"No",,60800,,,,,"3.A.2","Variazione delle rimanenze di prodotti in corso di lavorazione, semilavorati e finiti",,,,
60824,"Variazione dei lavori in corso su ordinazione",,"Expense",,,"No",,60800,,,,,"3.A.3","Variazione dei lavori in corso su ordinazione",,,,
60825,"Incrementi di immobilizzazioni per lavori interni",,"Expense",,,"No",,60800,,,,,"3.A.4","Incrementi di immobilizzazioni per lavori interni",,,,
60900,"Accantonamenti per rischi",,"Expense",,,"Yes",,60000,,,,,"3.B.12","Accantonamenti per rischi",,,,
60901,"Accantonamenti per rischi su crediti",,"Expense",,,"No",,60900,,,,,"3.B.12","Accantonamenti per rischi",,,,
60902,"Accantonamenti su imposte",,"Expense",,,"No",,60900,,,,,"3.B.13","Altri accantonamenti ",,,,
60904,"Altri accantonamenti rischi-oneri",,"Expense",,,"No",,60900,,,,,"3.B.12","Accantonamenti per rischi",,,,
61000,"Altri accantonamenti",,"Expense",,,"Yes",,60000,,,,,"3.B.13","Altri accantonamenti ",,,,
61001,"Accantonamenti per spese future",,"Expense",,,"No",,61000,,,,,"3.B.13","Altri accantonamenti ",,,,
61005,"Accantonamenti per manutenzioni e riparazioni",,"Expense",,,"No",,61000,,,,,"3.B.13","Altri accantonamenti ",,,,
61006,"Altri accantonamenti",,"Expense",,,"No",,61000,,,,,"3.B.13","Altri accantonamenti ",,,,
61100,"Oneri diversi",,"Expense",,,"Yes",,60000,,,,,"3.B.14","Oneri diversi di gestione ",,,,
61101,"Imposta di bollo",,"Expense",,,"No",,61100,,,,,"3.B.14","Oneri diversi di gestione ",,,,
61102,"Tassa di concessione governativa",,"Expense",,,"No",,61100,,,,,"3.B.14","Oneri diversi di gestione ",,,,
61103,"Imposte comunali",,"Expense",,,"No",,61100,,,,,"3.B.14","Oneri diversi di gestione ",,,,
61104,"Imposte anticipate ai fornitori","!","Expense",,"Yes","No","T_EXPENSE_ACCT",61100,,,,,"3.B.14","Oneri diversi di gestione ",,,,
61105,"Imposte di esercizio",,"Expense",,,"No",,61100,,,,,"3.B.14","Oneri diversi di gestione ",,,,
61106,"Perdite su crediti","!","Expense",,"Yes","No","WRITEOFF_ACCT",61100,,,,,"3.B.14","Oneri diversi di gestione ",,,,
61107,"Differenze negative sul cambio (stessa divisa estera)","!Perdite realizzate per via del differente cambio tra il giorno dell'emissione del documento contabile ed il giorno del pagamento","Expense",,"Yes","No","UNREALIZEDLOSS_ACCT",61100,,,,,"3.B.14","Oneri diversi di gestione ",,,,
61108,"Perdite su cambi","!Perdite realizzate per via della differente divisa utilizzata per il documento contabile ed il pagamento","Expense",,"Yes","No","REALIZEDLOSS_ACCT",61100,,,,,"3.B.14","Oneri diversi di gestione ",,,,
61111,"Oneri e perdite varie","!","Expense",,"Yes","No","CH_EXPENSE_ACCT",61100,,,,,"3.B.14","Oneri diversi di gestione ",,,,
61112,"Arrotondamenti negativi","!","Expense",,"Yes","No","CURRENCYBALANCING_ACCT",61100,,,,,"3.B.14","Oneri diversi di gestione ",,,,
,,,,,,,,,,,,,,"Totale",,,,
,,,,,,,,,,,,,,"Differenza tra valore e costi della produzione (A - B)",,,,
70300,"Proventi e oneri finanziari",,"Revenue",,,"Yes",,,,,,,"3.C","Proventi e oneri finanziari",,,,
70301,"Proventi da partecipazioni",,"Revenue",,,"Yes",,70300,,,,,"3.C.15","Proventi da partecipazioni",,,,
70302,"Proventi da partecipazioni",,"Revenue",,,"No",,70301,,,,,"3.C.15","Proventi da partecipazioni",,,,
,,,,,,,,,,,,,"3.C.15.a","relativi ad imprese controllate",,,,
,,,,,,,,,,,,,"3.C.15.b","relativi ad imprese collegate",,,,
70400,"Altri proventi finanziari ",,"Revenue",,,"Yes",,70300,,,,,"3.C.16","Altri proventi finanziari",,,,
70411,"Proventi da crediti iscritti nelle immobilizzazioni ",,"Revenue",,,"No",,70400,,,,,"3.C.16.a","da crediti iscritti nelle immobilizzazioni ",,,,
,,,"Revenue",,,"No",,,,,,,"3.C.16.a.1","da imprese controllate",,,,
,,,"Revenue",,,"No",,,,,,,"3.C.16.a.2","da imprese collegate",,,,
,,,"Revenue",,,"No",,,,,,,"3.C.16.a.3","da imprese controllanti",,,,
70413,"Proventi da titoli che non costituiscono partecipazioni ",,"Revenue",,,"No",,70400,,,,,"3.C.16.d","da titoli iscritti all'attivo circolante che non costituiscono partecipazioni ",,,,
70401,"Interessi attivi da banche","!","Revenue",,"Yes","No","B_INTERESTREV_ACCT",70400,,,,,"3.C.16.d","Proventi diversi dai precedenti",,,,
,,,"Revenue",,,"No",,,,,,,"3.C.16.d.1","da imprese controllate",,,,
,,,"Revenue",,,"No",,,,,,,"3.C.16.d.2","da imprese collegate",,,,
,,,"Revenue",,,"No",,,,,,,"3.C.16.d.3","da imprese controllanti",,,,
70402,"Interessi attivi da clienti",,"Revenue",,,"No",,70400,,,,,"3.C.16.d","Proventi diversi dai precedenti",,,,
,,,"Revenue",,,"No",,,,,,,"3.C.16.d.1","da imprese controllate",,,,
,,,"Revenue",,,"No",,,,,,,"3.C.16.d.2","da imprese collegate",,,,
,,,"Revenue",,,"No",,,,,,,"3.C.16.d.3","da imprese controllanti",,,,
70403,"Interessi attivi vari",,"Revenue",,,"No",,70400,,,,,"3.C.16.d","Proventi diversi dai precedenti",,,,
,,,"Revenue",,,"No",,,,,,,"3.C.16.d.1","da imprese controllate",,,,
,,,"Revenue",,,"No",,,,,,,"3.C.16.d.2","da imprese collegate",,,,
,,,"Revenue",,,"No",,,,,,,"3.C.16.d.3","da imprese controllanti",,,,
70404,"Interessi su titoli",,"Revenue",,,"No",,70400,,,,,"3.C.16.d","Proventi diversi dai precedenti",,,,
,,,"Revenue",,,"No",,,,,,,"3.C.16.d.1","da imprese controllate",,,,
,,,"Revenue",,,"No",,,,,,,"3.C.16.d.2","da imprese collegate",,,,
,,,"Revenue",,,"No",,,,,,,"3.C.16.d.3","da imprese controllanti",,,,
70405,"Proventi rivalutazione c/correnti bancari in divisa estera","!","Revenue",,"Yes","No","B_REVALUATIONGAIN_ACCT",70400,,,,,"3.C.16.d","Proventi diversi dai precedenti",,,,
,,,"Revenue",,,"No",,,,,,,"3.C.16.d.1","da imprese controllate",,,,
,,,"Revenue",,,"No",,,,,,,"3.C.16.d.2","da imprese collegate",,,,
,,,"Revenue",,,"No",,,,,,,"3.C.16.d.3","da imprese controllanti",,,,
70406,"Differenze positive tra fatture e scritture bancarie","!","Revenue",,"Yes","No","B_SETTLEMENTGAIN_ACCT",70400,,,,,"3.C.16.d","Proventi diversi dai precedenti",,,,
,,,"Revenue",,,"No",,,,,,,"3.C.16.d.1","da imprese controllate",,,,
,,,"Revenue",,,"No",,,,,,,"3.C.16.d.2","da imprese collegate",,,,
,,,"Revenue",,,"No",,,,,,,"3.C.16.d.3","da imprese controllanti",,,,
70414,"Proventi finanziari vari",,"Revenue",,,"No",,70400,,,,,"3.C.16.d","Proventi diversi dai precedenti",,,,
,,,"Revenue",,,"No",,,,,,,"3.C.16.d.1","da imprese controllate",,,,
,,,"Revenue",,,"No",,,,,,,"3.C.16.d.2","da imprese collegate",,,,
,,,"Revenue",,,"No",,,,,,,"3.C.16.d.3","da imprese controllanti",,,,
70412,"Utile su titoli",,"Revenue",,,"No",,70400,,,,,"3.C.16.b","da titoli iscritti nelle immobilizzazioni che non costituiscono partecipazioni ",,,,
70500,"Oneri finanziari",,"Expense",,,"Yes",,70300,,,,,"3.C.17","Interessi ed altri oneri finanziari",,,,
,,,"Expense",,,"Yes",,,,,,,"3.C.17.1","verso imprese controllate",,,,
,,,"Expense",,,"Yes",,,,,,,"3.C.17.2","verso imprese collegate",,,,
,,,"Expense",,,"Yes",,,,,,,"3.C.17.3","verso imprese controllanti",,,,
70501,"Interessi passivi a banche","!","Expense",,"Yes","No","B_INTERESTEXP_ACCT",70500,,,,,"3.C.17","Interessi ed altri oneri finanziari",,,,
,,,"Expense",,,"No",,,,,,,"3.C.17.1","verso imprese controllate",,,,
,,,"Expense",,,"No",,,,,,,"3.C.17.2","verso imprese collegate",,,,
,,,"Expense",,,"No",,,,,,,"3.C.17.3","verso imprese controllanti",,,,
70502,"Interessi passivi a fornitori",,"Expense",,,"No",,70500,,,,,"3.C.17","Interessi ed altri oneri finanziari",,,,
,,,"Expense",,,"No",,,,,,,"3.C.17.1","verso imprese controllate",,,,
,,,"Expense",,,"No",,,,,,,"3.C.17.2","verso imprese collegate",,,,
,,,"Expense",,,"No",,,,,,,"3.C.17.3","verso imprese controllanti",,,,
70503,"Interessi passivi su finanziamenti",,"Expense",,,"No",,70500,,,,,"3.C.17","Interessi ed altri oneri finanziari",,,,
,,,"Expense",,,"No",,,,,,,"3.C.17.1","verso imprese controllate",,,,
,,,"Expense",,,"No",,,,,,,"3.C.17.2","verso imprese collegate",,,,
,,,"Expense",,,"No",,,,,,,"3.C.17.3","verso imprese controllanti",,,,
70504,"Interessi passivi su mutui",,"Expense",,,"No",,70500,,,,,"3.C.17","Interessi ed altri oneri finanziari",,,,
,,,"Expense",,,"No",,,,,,,"3.C.17.1","verso imprese controllate",,,,
,,,"Expense",,,"No",,,,,,,"3.C.17.2","verso imprese collegate",,,,
,,,"Expense",,,"No",,,,,,,"3.C.17.3","verso imprese controllanti",,,,
70505,"Interessi passivi vari",,"Expense",,,"No",,70500,,,,,"3.C.17","Interessi ed altri oneri finanziari",,,,
,,,"Expense",,,"No",,,,,,,"3.C.17.1","verso imprese controllate",,,,
,,,"Expense",,,"No",,,,,,,"3.C.17.2","verso imprese collegate",,,,
,,,"Expense",,,"No",,,,,,,"3.C.17.3","verso imprese controllanti",,,,
70506,"Perdite su rivalutazioni","!","Expense",,"Yes","No","B_REVALUATIONLOSS_ACCT",70500,,,,,"3.C.17","Interessi ed altri oneri finanziari",,,,
,,,"Expense",,,"No",,,,,,,"3.C.17.1","verso imprese controllate",,,,
,,,"Expense",,,"No",,,,,,,"3.C.17.2","verso imprese collegate",,,,
,,,"Expense",,,"No",,,,,,,"3.C.17.3","verso imprese controllanti",,,,
70507,"Perdite su incassi","!","Expense",,"Yes","No","B_SETTLEMENTLOSS_ACCT",70500,,,,,"3.C.17","Interessi ed altri oneri finanziari",,,,
,,,"Expense",,,"No",,,,,,,"3.C.17.1","verso imprese controllate",,,,
,,,"Expense",,,"No",,,,,,,"3.C.17.2","verso imprese collegate",,,,
,,,"Expense",,,"No",,,,,,,"3.C.17.3","verso imprese controllanti",,,,
70511,"Oneri finanziari vari",,"Expense",,,"No",,70500,,,,,"3.C.17","Interessi ed altri oneri finanziari",,,,
,,,"Expense",,,"No",,,,,,,"3.C.17.1","verso imprese controllate",,,,
,,,"Expense",,,"No",,,,,,,"3.C.17.2","verso imprese collegate",,,,
,,,"Expense",,,"No",,,,,,,"3.C.17.3","verso imprese controllanti",,,,
70512,"Perdite su titoli",,"Expense",,,"No",,70500,,,,,"3.C.17","Interessi ed altri oneri finanziari",,,,
,,,"Expense",,,"No",,,,,,,"3.C.17.1","verso imprese controllate",,,,
,,,"Expense",,,"No",,,,,,,"3.C.17.2","verso imprese collegate",,,,
,,,"Expense",,,"No",,,,,,,"3.C.17.3","verso imprese controllanti",,,,
,,,,,,,,,,,,,"3.C17.b","utili e perdite su cambi",,,,
,,,,,,,,,,,,,,"Totale (15 + 16 - 17 + -  17-bis)",,,,
70000,"Rettifiche di valore di attivita' finanziarie",,"Revenue",,,"Yes",,,,,,,"3.D","Rettifiche di valore di attivita' finanziarie",,,,
70100,"Rivalutazioni",,"Revenue",,,"Yes",,70000,,,,,"3.D.18","Rivalutazioni",,,,
70101,"Rivalutazioni di partecipazioni",,"Revenue",,,"No",,70100,,,,,"3.D.18.a","di partecipazioni",,,,
70102,"Rivalutaz. di immob. fin. che non costituiscono partecipaz.",,"Revenue",,,"No",,70100,,,,,"3.D.18.b","di immobilizzazioni finanziarie che non costituiscono partecipazioni",,,,
70103,"Rivalutazioni di titoli che non costituiscono partecipazioni",,"Revenue",,,"No",,70100,,,,,"3.D.18.c","di titoli iscritti all'attivo circolante che non costituiscono partecipazioni",,,,
70200,"Svalutazioni",,"Expense",,,"Yes",,70000,,,,,"3.D.19","Svalutazioni",,,,
70201,"Svalutazioni di partecipazioni",,"Expense",,,"No",,70200,,,,,"3.D.19.a","di partecipazioni",,,,
70202,"Svalutazioni immob. finan. che non costituiscono partecipaz.",,"Expense",,,"No",,70200,,,,,"3.D.19.b","di immobilizzazioni finanziarie che non costituiscono partecipazioni",,,,
70203,"Svalutazioni titoli iscritti che non costituiscono partecip.",,"Expense",,,"No",,70200,,,,,"3.D.19.c","di titoli iscritti all'attivo circolante che non costituiscono partecipazioni",,,,
,,,,,,,,,,,,,,"Totale delle rettifiche (18 - 19)",,,,
80000,"Proventi ed oneri straordinari",,"Revenue",,,"Yes",,,,,,,"3.E","Proventi ed oneri straordinari",,,,
80100,"Proventi straordinari",,"Revenue",,,"Yes",,80000,,,,,"3.E.20","Proventi",,,,
,,,"Revenue",,,,,,,,,,"3.E.20 -","plusvalenze da alienazioni non iscrivibili al n.5",,,,
80101,"Plusvalenze",,"Revenue",,,"No",,80100,,,,,"3.E.20","Proventi",,,,
,,,"Revenue",,,"No",,,,,,,"3.E.20 -","plusvalenze da alienazioni non iscrivibili al n.5",,,,
80102,"Sopravvenienze e insussistenze attive",,"Revenue",,,"No",,80100,,,,,"3.E.20","Proventi",,,,
,,,"Revenue",,,"No",,,,,,,"3.E.20 -","plusvalenze da alienazioni non iscrivibili al n.5",,,,
80200,"Oneri straordinari",,"Expense",,,"Yes",,80000,,,,,"3.E.21","Oneri",,,,
,,,"Expense",,,"No",,,,,,,"3.E.21.a","minusvalenze da alienazioni i cui effetti contabili non sono iscrivibili al n. 14",,,,
,,,"Expense",,,"No",,,,,,,"3.E.21.b","imposte relative ad esercizi precedenti",,,,
80201,"Minusvalenze",,"Expense",,,"No",,80200,,,,,"3.E.21","Oneri",,,,
,,,"Expense",,,"No",,,,,,,"3.E.21.a","minusvalenze da alienazioni i cui effetti contabili non sono iscrivibili al n. 14",,,,
,,,"Expense",,,"No",,,,,,,"3.E.21.b","imposte relative ad esercizi precedenti",,,,
80202,"Sopravvenienze e insussistenze passive","!","Expense",,"Yes","No","INCOMESUMMARY_ACCT",80200,,,,,"3.E.21","Oneri",,,,
,,,"Expense",,,"No",,,,,,,"3.E.21.a","minusvalenze da alienazioni i cui effetti contabili non sono iscrivibili al n. 14",,,,
,,,"Expense",,,"No",,,,,,,"3.E.21.b","imposte relative ad esercizi precedenti",,,,
,,,,,,,,,,,,,,"Totale delle perdite staordinarie (20 - 21)",,,,
